<?xml version="1.0" encoding="UTF-8"?>
<!DOCTYPE BlockLangDef SYSTEM "support/lang_def.dtd">

<!-- 


This describes every BlockGenus, BlockDrawer, BlockFamilies in ArduBlock.

Note: For BlockGenus, if genus A relies on another genus B, that genus B must be 
specified in the xml file before genus A is specified.  We impose this requirement so 
that sanity checks can be made regarding the validity of a default argument when the
BlockGenuses are first loaded. 

-->

<BlockLangDef>

	<BlockConnectorShapes>
		<BlockConnectorShape shape-type="number" shape-number="1"></BlockConnectorShape>
		<BlockConnectorShape shape-type="number-list" shape-number="2"></BlockConnectorShape>
		<BlockConnectorShape shape-type="number-inv" shape-number="3"></BlockConnectorShape>
		<BlockConnectorShape shape-type="boolean" shape-number="4"></BlockConnectorShape>
		<BlockConnectorShape shape-type="boolean-list" shape-number="5"></BlockConnectorShape>
		<BlockConnectorShape shape-type="boolean-inv" shape-number="6"></BlockConnectorShape>
		<BlockConnectorShape shape-type="string" shape-number="7"></BlockConnectorShape>
		<BlockConnectorShape shape-type="string-list" shape-number="8"></BlockConnectorShape>
		<BlockConnectorShape shape-type="string-inv" shape-number="9"></BlockConnectorShape>
		<BlockConnectorShape shape-type="poly" shape-number="10"></BlockConnectorShape>
		<BlockConnectorShape shape-type="poly-list" shape-number="11"></BlockConnectorShape>
		<BlockConnectorShape shape-type="poly-inv" shape-number="12"></BlockConnectorShape>
		<BlockConnectorShape shape-type="proc-param" shape-number="13"></BlockConnectorShape>
		<BlockConnectorShape shape-type="cmd" shape-number="14"></BlockConnectorShape>
	</BlockConnectorShapes>
	
	<BlockGenuses>
		<!-- Number -->
		
		<BlockGenus name="number" kind="data" color="208 10 16" initlabel="1" editable-label="yes">
			<BlockConnectors>
				<BlockConnector connector-type="number" connector-kind="plug" position-type="mirror"></BlockConnector>
			</BlockConnectors>
		</BlockGenus>
		
		<BlockGenus name="digital-high" kind="data" color="208 10 16" initlabel="HIGH">
			<BlockConnectors>
				<BlockConnector connector-type="boolean" connector-kind="plug" position-type="mirror"></BlockConnector>
			</BlockConnectors>
		</BlockGenus>
		<BlockGenus name="digital-low" kind="data" color="208 10 16" initlabel="LOW">
			<BlockConnectors>
				<BlockConnector connector-type="boolean" connector-kind="plug" position-type="mirror"></BlockConnector>
			</BlockConnectors>
		</BlockGenus>
		<BlockGenus name="true" kind="data" initlabel="TRUE" color="208 10 16">
			<description>
				<text>
					Reports the boolean true.
				</text>
			</description>
			<BlockConnectors>

				<BlockConnector connector-kind="plug" connector-type="boolean" position-type="mirror"></BlockConnector>
			</BlockConnectors>
		</BlockGenus>
		<BlockGenus name="false" kind="data" initlabel="FALSE" color="208 10 16">
			<description>
				<text>
					Reports the boolean false.
				</text>
			</description>
			<BlockConnectors>
				<BlockConnector connector-kind="plug" connector-type="boolean" position-type="mirror"></BlockConnector>
			</BlockConnectors>
		</BlockGenus>
		<!-- Basic -->
		<BlockGenus name="variable-name" kind="string" color="0 0 255" initlabel="string">
			<BlockConnectors>
				<BlockConnector connector-type="string" connector-kind="plug" position-type="mirror" />
			</BlockConnectors>
		</BlockGenus>
		 
		<BlockGenus name="loop" kind="command" color="255 221 0" initlabel="loop" is-starter="yes" is-terminator="yes" label-unique="yes">
			<description><text>this is the loop of the arduino</text></description>
			<BlockConnectors>
				<BlockConnector connector-type="cmd" connector-kind="socket" label="do"></BlockConnector>
			</BlockConnectors>
		</BlockGenus>
		
		<BlockGenus name="digital-var" kind="data" initlabel="digital var name" editable-label="yes" is-label-value="yes" color="255 0 255">
			<description>
				<text>
					Digital Var
				</text>
			</description>
			<BlockConnectors>
				<BlockConnector connector-type="boolean" connector-kind="plug" position-type="mirror"></BlockConnector>
			</BlockConnectors>
		</BlockGenus>
		
		<BlockGenus name="number-var" kind="data" initlabel="number var name" editable-label="yes" is-label-value="yes" color="255 0 255">
			<description>
				<text>
					Digital Var
				</text>
			</description>
			<BlockConnectors>
				<BlockConnector connector-type="number" connector-kind="plug" position-type="mirror"></BlockConnector>
			</BlockConnectors>
		</BlockGenus>
		
		<BlockGenus name="pin-read-digital" kind="data" color="77 191 169" initlabel="digital pin">
			<description><text>Read digital value from pin</text></description>
			<BlockConnectors>
				<BlockConnector connector-type="number" connector-kind="socket" label="#">
					<DefaultArg genus-name="number" label="1"/>
				</BlockConnector>
				<BlockConnector connector-type="boolean" connector-kind="plug"></BlockConnector>
			</BlockConnectors>
		</BlockGenus>
		
		<BlockGenus name="pin-read-analog" kind="data" color="77 191 169" initlabel="analog pin">
			<description><text>Read analog value from pin</text></description>
			<BlockConnectors>
				<BlockConnector connector-type="number" connector-kind="socket" label="#">
					<DefaultArg genus-name="number" label="1"/>
				</BlockConnector>
				<BlockConnector connector-type="number" connector-kind="plug"></BlockConnector>
			</BlockConnectors>
		</BlockGenus>
		
		<BlockGenus name="pin-write-digital" kind="command" color="77 191 169" initlabel="set digital pin">
			<description><text>write digital to pin</text></description>
			<BlockConnectors>
				<BlockConnector connector-type="number" connector-kind="socket" label="#">
					<DefaultArg genus-name="number" label="1"/>
				</BlockConnector>
				<BlockConnector connector-type="boolean" connector-kind="socket">
					<DefaultArg genus-name="digital-high" label="HIGH"/>
				</BlockConnector>
			</BlockConnectors>
		</BlockGenus>
		
		<BlockGenus name="set-digital-var" kind="command" color="255 0 0" initlabel="set digital var">
			<description><text>write digital to pin</text></description>
			<BlockConnectors>
				<BlockConnector connector-type="boolean" connector-kind="socket" label="var"></BlockConnector>
				<BlockConnector connector-type="boolean" connector-kind="socket"></BlockConnector>
			</BlockConnectors>
		</BlockGenus>
		
		<BlockGenus name="set-number-var" kind="command" color="255 0 0" initlabel="set number var">
			<description><text>write digital to pin</text></description>
			<BlockConnectors>
				<BlockConnector connector-type="number" connector-kind="socket" label="var"></BlockConnector>
				<BlockConnector connector-type="number" connector-kind="socket"></BlockConnector>
			</BlockConnectors>
		</BlockGenus>
			
		<BlockGenus name="pin-write-analog" kind="command" color="77 191 169" initlabel="set analog pin">
			<description><text>write analog to pin</text></description>
			<BlockConnectors>
				<BlockConnector connector-type="number" connector-kind="socket" label="#">
					<DefaultArg genus-name="number" label="1"/>
				</BlockConnector>
				<BlockConnector connector-type="number" connector-kind="socket">
					<DefaultArg genus-name="number" label="255"/>
				</BlockConnector>
			</BlockConnectors>
		</BlockGenus>
		
		<BlockGenus name="servo" kind="command" color="77 191 169" initlabel="Servo">
			<description><text>set a pin to pwm</text></description>
			<BlockConnectors>
				<BlockConnector connector-type="number" connector-kind="socket" label="pin#">
					<DefaultArg genus-name="number" label="1"/>
				</BlockConnector>
				<BlockConnector connector-type="number" connector-kind="socket" label="angle">
					<DefaultArg genus-name="number" label="1"/>
				</BlockConnector>
			</BlockConnectors>
		</BlockGenus>
		
		<BlockGenus name="if" kind="command" initlabel="if" color="255 221 0">
			<description>
				<text>
					If <arg n="1"/> is true, the agent will run the blocks attached to <arg n="2"/>
				</text>
				<arg-description n="1" name="test">
					The condition being tested.
				</arg-description>
				
				<arg-description n="2" name="then">
					The set of instructions that is done when the condition is true.
				</arg-description>
			</description>
			<BlockConnectors>
				<BlockConnector label="test" connector-kind="socket" connector-type="boolean"></BlockConnector>
				<BlockConnector label="then" connector-kind="socket" connector-type="cmd"></BlockConnector>
			</BlockConnectors>
		</BlockGenus>
		
		<BlockGenus name="ifelse" kind="command" initlabel="ifelse" color="255 221 0">
			<description>
				<text>
					Does the first set of commands if the condition specified is true, otherwise it will do the second set of commands.
				</text>
				<arg-description n="1" name="test">
					The condition being tested.
				</arg-description>
				
				<arg-description n="2" name="then">
					The set of instructions that is done when the condition is true.
				</arg-description>
				
				<arg-description n="3" name="else">
					The set of instructions that is done when the condition is false.
				</arg-description>
			</description>
			<BlockConnectors>
				<BlockConnector label="test" connector-kind="socket" connector-type="boolean"></BlockConnector>
				<BlockConnector label="then" connector-kind="socket" connector-type="cmd"></BlockConnector>
				<BlockConnector label="else" connector-kind="socket" connector-type="cmd"></BlockConnector>
			</BlockConnectors>
		</BlockGenus>
		
		<BlockGenus name="while" kind="command" initlabel="while" color="255 221 0">
			<description>
				<text>
					While Block
				</text>
			</description>
			<BlockConnectors>
				<BlockConnector label="condition" connector-kind="socket" connector-type="boolean"></BlockConnector>
				<BlockConnector label="" connector-kind="socket" connector-type="cmd"></BlockConnector>
			</BlockConnectors>
		</BlockGenus>
		
		<BlockGenus name="and" kind="data" initlabel="and" color="149 193 31">
			<description>
				<text>
					Reports true if both of the two conditions are true.
				</text>
			</description>
			<BlockConnectors>
				<BlockConnector connector-kind="plug" connector-type="boolean"></BlockConnector>
				<BlockConnector label="" connector-kind="socket" connector-type="boolean"></BlockConnector>
				<BlockConnector label="" connector-kind="socket" connector-type="boolean"></BlockConnector>
			</BlockConnectors>
		</BlockGenus>
		
		<BlockGenus name="or" kind="function" initlabel="or" color="149 193 31">
			<description>
				<text>
					Reports true if one or both of the two conditions are true.
				</text>
				<arg-description n="1" name="condition 1">
					The first condition that must be true.
				</arg-description>
				<arg-description n="2" name="condition 2">
					The second condition that must be true.
				</arg-description>
			</description>
			<BlockConnectors>
				<BlockConnector connector-kind="plug" connector-type="boolean"></BlockConnector>
				<BlockConnector label="" connector-kind="socket" connector-type="boolean"></BlockConnector>
				<BlockConnector label="" connector-kind="socket" connector-type="boolean"></BlockConnector>
			</BlockConnectors>
		</BlockGenus>
		
		<BlockGenus name="not" kind="function" initlabel="not" color="149 193 31">
			<description>
				<text>
					Reports the opposite of <arg n="1"/>.
				</text>
				<arg-description n="1" name="boolean">
					The boolean (true or false) that should be inverted.
				</arg-description>

			</description>
			<BlockConnectors>
				<BlockConnector connector-kind="plug" connector-type="boolean"></BlockConnector>
				<BlockConnector label="" connector-kind="socket" connector-type="boolean"></BlockConnector>
			</BlockConnectors>
		</BlockGenus>
		
		<!-- Math -->
		
		<BlockGenus name="addition" kind="function" initlabel="+" color="149 193 31">
			<description>
				<text>
					Reports the sum of two numbers (<arg n="1"/> + <arg n="2"/>).
				</text>
				<arg-description n="1" name="left number">
				</arg-description>
				<arg-description n="2" name="right number">
				</arg-description>
			</description>
			<BlockConnectors>
				<BlockConnector label="" connector-kind="plug" connector-type="number" position-type="mirror"></BlockConnector>
				<BlockConnector label="" connector-kind="socket" connector-type="number" position-type="bottom"></BlockConnector>
				<BlockConnector label="" connector-kind="socket" connector-type="number" position-type="bottom"></BlockConnector>
			</BlockConnectors>
		</BlockGenus>
		
		<BlockGenus name="subtraction" kind="function" initlabel="-" color="149 193 31">
			<description>
				<text>
					Reports the difference of two numbers (<arg n="1"/> - <arg n="2"/>).
				</text>
				<arg-description n="1" name="left number">
				</arg-description>
				<arg-description n="2" name="right number">
				</arg-description>
			</description>
			<BlockConnectors>
				<BlockConnector label="" connector-kind="plug" connector-type="number" position-type="mirror"></BlockConnector>
				<BlockConnector label="" connector-kind="socket" connector-type="number" position-type="bottom"></BlockConnector>
				<BlockConnector label="" connector-kind="socket" connector-type="number" position-type="bottom"></BlockConnector>
			</BlockConnectors>
		</BlockGenus>
		
		<BlockGenus name="multiplication" kind="function" initlabel="x" color="149 193 31">
			<description>
				<text>
					Reports the product of two numbers (<arg n="1"/> x <arg n="2"/>).
				</text>
				<arg-description n="1" name="left value">
				</arg-description>
				<arg-description n="2" name="right value">
				</arg-description>
			</description>
			<BlockConnectors>
				<BlockConnector label="" connector-kind="plug" connector-type="number" position-type="mirror"></BlockConnector>
				<BlockConnector label="" connector-kind="socket" connector-type="number" position-type="bottom"></BlockConnector>
				<BlockConnector label="" connector-kind="socket" connector-type="number" position-type="bottom"></BlockConnector>
			</BlockConnectors>
		</BlockGenus>
		
		<BlockGenus name="division" kind="function" initlabel="÷" color="149 193 31">
			<description>
				<text>
					Reports the quotient of  two numbers (<arg n="1"/> ÷ <arg n="2"/>).
				</text>
				<arg-description n="1" name="left value">
				</arg-description>
				<arg-description n="2" name="right value">
				</arg-description>
			</description>
			<BlockConnectors>
				<BlockConnector label="" connector-kind="plug" connector-type="number" position-type="mirror"></BlockConnector>
				<BlockConnector label="" connector-kind="socket" connector-type="number" position-type="bottom"></BlockConnector>
				<BlockConnector label="" connector-kind="socket" connector-type="number" position-type="bottom"></BlockConnector>
			</BlockConnectors>
		</BlockGenus>
		
		<BlockGenus name="modulo" kind="function" color="149 193 31" initlabel="%">
			<BlockConnectors>
				<BlockConnector label="" connector-kind="plug" connector-type="number" position-type="mirror"></BlockConnector>
				<BlockConnector label="" connector-kind="socket" connector-type="number" position-type="bottom"></BlockConnector>
				<BlockConnector label="" connector-kind="socket" connector-type="number" position-type="bottom"></BlockConnector>
			</BlockConnectors>
		</BlockGenus>
		
		<BlockGenus name="min" kind="function" color="149 193 31" initlabel="min">
			<BlockConnectors>
				<BlockConnector connector-type="number" connector-kind="plug" position-type="mirror" />
				<BlockConnector connector-type="number" connector-kind="socket" position-type="bottom" />
				<BlockConnector connector-type="number" connector-kind="socket" position-type="bottom" />
			</BlockConnectors>
		</BlockGenus>
		
		<BlockGenus name="max" kind="function" color="149 193 31" initlabel="max">
			<BlockConnectors>
				<BlockConnector connector-type="number" connector-kind="plug" position-type="mirror" />
				<BlockConnector connector-type="number" connector-kind="socket" position-type="bottom" />
				<BlockConnector connector-type="number" connector-kind="socket" position-type="bottom" />
			</BlockConnectors>
		</BlockGenus>
		
		<BlockGenus name="abs" kind="function" color="149 193 31" initlabel="abs">
			<BlockConnectors>
				<BlockConnector connector-type="number" connector-kind="plug"/>
				<BlockConnector connector-type="number" connector-kind="socket" />
			</BlockConnectors>
		</BlockGenus>
		
		<BlockGenus name="pow" kind="function" color="149 193 31" initlabel="power">
			<BlockConnectors>
				<BlockConnector connector-type="number" connector-kind="plug"/>
				<BlockConnector connector-type="number" connector-kind="socket" label="base" />
				<BlockConnector connector-type="number" connector-kind="socket" label="exponent" />
			</BlockConnectors>
		</BlockGenus>
		
		<BlockGenus name="sqrt" kind="function" color="149 193 31" initlabel="sqrt">
			<BlockConnectors>
				<BlockConnector connector-type="number" connector-kind="plug"/>
				<BlockConnector connector-type="number" connector-kind="socket" />
			</BlockConnectors>
		</BlockGenus>
		
		<BlockGenus name="sin" kind="function" color="149 193 31" initlabel="sin">
			<BlockConnectors>
				<BlockConnector connector-type="number" connector-kind="plug"/>
				<BlockConnector connector-type="number" connector-kind="socket" />
			</BlockConnectors>
		</BlockGenus>
		
		<BlockGenus name="cos" kind="function" color="149 193 31" initlabel="cos">
			<BlockConnectors>
				<BlockConnector connector-type="number" connector-kind="plug"/>
				<BlockConnector connector-type="number" connector-kind="socket" />
			</BlockConnectors>
		</BlockGenus>
		
		<BlockGenus name="tan" kind="function" color="149 193 31" initlabel="tan">
			<BlockConnectors>
				<BlockConnector connector-type="number" connector-kind="plug"/>
				<BlockConnector connector-type="number" connector-kind="socket" />
			</BlockConnectors>
		</BlockGenus>
		
		<!-- Utility -->
		<BlockGenus name="delay" kind="command" color="142 160 210" initlabel="delay">
			<description>
				<text>program delay in x milliseconds</text>
			</description>
			<BlockConnectors>
				<BlockConnector connector-type="number" connector-kind="socket" label="millisecond">
					<DefaultArg genus-name="number" label="1000"/>
				</BlockConnector>
			</BlockConnectors>
		</BlockGenus>
		
		<BlockGenus name="delayMicroseconds" kind="command" color="142 160 210" initlabel="delayMicroseconds">
			<description>
				<text>program delay in x milliseconds</text>
			</description>
			<BlockConnectors>
				<BlockConnector connector-type="number" connector-kind="socket" label="microseconds">
					<DefaultArg genus-name="number" label="1000"/>
				</BlockConnector>
			</BlockConnectors>
		</BlockGenus>
		
		<BlockGenus name="random" kind="data" color="142 160 210" initlabel="random">
			<description>
				<text>generate a random number less than the number</text>
			</description>
			<BlockConnectors>
				<BlockConnector connector-type="number" connector-kind="plug"></BlockConnector>
				<BlockConnector connector-type="number" connector-kind="socket" label="max">
					<DefaultArg genus-name="number" label="1024"/>
				</BlockConnector>
			</BlockConnectors>
		</BlockGenus>
		
		<BlockGenus name="millis" kind="data" color="142 160 210" initlabel="millis">
			<description>
				<text>generate a random number less than the number</text>
			</description>
			<BlockConnectors>
				<BlockConnector connector-type="number" connector-kind="plug"></BlockConnector>
			</BlockConnectors>
		</BlockGenus>
		
		<!-- brick -->
		<BlockGenus name="Tinker_LED" kind="command" color="255 255 255" initlabel="Tinker LED">
			<description>
				<text>TinkerKit LED</text>
			</description>
			<BlockConnectors>
				<BlockConnector connector-type="number" connector-kind="socket" label="pin#">
					<DefaultArg genus-name="number" label="1"/>
				</BlockConnector>
				<BlockConnector connector-type="boolean" connector-kind="socket" label="status">
					<DefaultArg genus-name="digital-high" label="ON"/>
				</BlockConnector>
			</BlockConnectors>
			<Images>
				<Image>
					<FileLocation>edu/mit/blocks/codeblocks/brick.jpg</FileLocation>
				</Image>
			</Images>
		</BlockGenus>
		
		<BlockGenus name="Tinker_Mosfet" kind="command" color="255 255 255" initlabel="Tinker Mosfet">
			<description>
				<text>TinkerKit Mosfet</text>
			</description>
			<BlockConnectors>
				<BlockConnector connector-type="number" connector-kind="socket" label="pin#">
					<DefaultArg genus-name="number" label="1"/>
				</BlockConnector>
				<BlockConnector connector-type="boolean" connector-kind="socket" label="status">
					<DefaultArg genus-name="digital-high" label="HIGH"/>
				</BlockConnector>
			</BlockConnectors>
			<Images>
				<Image>
					<FileLocation>/home/heqichen/my/project/ardublock/20110820/ardublock/src/main/resources/com/ardublock/block/Tinker_Mosfet.jpg</FileLocation>
				</Image>
			</Images>
		</BlockGenus>
		
		<BlockGenus name="Tinker_Relay" kind="command" color="255 255 255" initlabel="Tinker Relay">
			<description>
				<text>TinkerKit Relay</text>
			</description>
			<BlockConnectors>
				<BlockConnector connector-type="number" connector-kind="socket" label="pin#">
					<DefaultArg genus-name="number" label="1"/>
				</BlockConnector>
				<BlockConnector connector-type="boolean" connector-kind="socket" label="status">
					<DefaultArg genus-name="digital-high" label="HIGH"/>
				</BlockConnector>
			</BlockConnectors>
			<Images>
				<Image>
					<FileLocation>/home/heqichen/my/project/ardublock/20110820/ardublock/src/main/resources/com/ardublock/block/Tinker_Relay.jpg</FileLocation>
				</Image>
			</Images>
		</BlockGenus>
		
		<BlockGenus name="Tinker_Servo" kind="command" color="255 255 255" initlabel="Tinker Servo">
			<description>
				<text>TinkerKit Servo</text>
			</description>
			<BlockConnectors>
				<BlockConnector connector-type="number" connector-kind="socket" label="pin#">
					<DefaultArg genus-name="number" label="1"/>
				</BlockConnector>
				<BlockConnector connector-type="number" connector-kind="socket" label="angle">
					<DefaultArg genus-name="number" label="90"/>
				</BlockConnector>
			</BlockConnectors>
			<Images>
				<Image>
					<FileLocation>/home/heqichen/my/project/ardublock/20110820/ardublock/src/main/resources/com/ardublock/block/Tinker_Servo.png</FileLocation>
				</Image>
			</Images>
		</BlockGenus>
		
		<BlockGenus name="Tinker_Button" kind="number" color="255 255 255" initlabel="Tinker Button">
			<description>
				<text>TinkerKit Button</text>
			</description>
			<BlockConnectors>
				<BlockConnector connector-type="number" connector-kind="plug" />
				<BlockConnector connector-type="number" connector-kind="socket" label="pin#">
					<DefaultArg genus-name="number" label="1"/>
				</BlockConnector>
			</BlockConnectors>
			<Images>
				<Image>
					<FileLocation>/home/heqichen/my/project/ardublock/20110820/ardublock/src/main/resources/com/ardublock/block/Tinker_Button.jpg</FileLocation>
				</Image>
			</Images>
		</BlockGenus>
		
		<BlockGenus name="Tinker_Accmeter" kind="number" color="255 255 255" initlabel="Tinker Accelerometer">
			<description>
				<text>TinkerKit Accelerometer</text>
			</description>
			<BlockConnectors>
				<BlockConnector connector-type="number" connector-kind="plug" />
				<BlockConnector connector-type="number" connector-kind="socket" label="pin#">
					<DefaultArg genus-name="number" label="1"/>
				</BlockConnector>
			</BlockConnectors>
			<Images>
				<Image>
					<FileLocation>/home/heqichen/my/project/ardublock/20110820/ardublock/src/main/resources/com/ardublock/block/Tinker_Button.jpg</FileLocation>
				</Image>
			</Images>
		</BlockGenus>

	</BlockGenuses>
	
	<BlockFamilies>
		<BlockFamily>
			<FamilyMember>digital-high</FamilyMember>
			<FamilyMember>digital-low</FamilyMember>
		</BlockFamily>
		<BlockFamily>
			<FamilyMember>and</FamilyMember>
			<FamilyMember>or</FamilyMember>
		</BlockFamily>
		<BlockFamily>
			<FamilyMember>true</FamilyMember>
			<FamilyMember>false</FamilyMember>
		</BlockFamily>
		<BlockFamily>
			<FamilyMember>addition</FamilyMember>
			<FamilyMember>subtraction</FamilyMember>
			<FamilyMember>multiplication</FamilyMember>
			<FamilyMember>division</FamilyMember>
			<FamilyMember>modulo</FamilyMember>
		</BlockFamily>
		<BlockFamily>
			<FamilyMember>min</FamilyMember>
			<FamilyMember>max</FamilyMember>
		</BlockFamily>
		<BlockFamily>
			<FamilyMember>sin</FamilyMember>
			<FamilyMember>cos</FamilyMember>
			<FamilyMember>tan</FamilyMember>
		</BlockFamily>
	</BlockFamilies>

	<BlockDrawerSets>	
		<BlockDrawerSet name="factory" type="stack" location="southwest" window-per-drawer="no" drawer-draggable="no" >
			<BlockDrawer name="Arduino" type="factory" is-open="yes" button-color="29 152 155">
				<BlockGenusMember>loop</BlockGenusMember>
				<BlockGenusMember>digital-var</BlockGenusMember>
				<BlockGenusMember>number-var</BlockGenusMember>
				<BlockGenusMember>set-digital-var</BlockGenusMember>
				<BlockGenusMember>set-number-var</BlockGenusMember>
<!--
				<BlockGenusMember>set-variable</BlockGenusMember>
				<BlockGenusMember>variable</BlockGenusMember>
-->				
			</BlockDrawer>

			<BlockDrawer name="Control" type="factory" is-open="yes" button-color="252 203 125">
				<BlockGenusMember>loop</BlockGenusMember>
				<BlockGenusMember>ifelse</BlockGenusMember>
				<BlockGenusMember>if</BlockGenusMember>
				<BlockGenusMember>while</BlockGenusMember>
			</BlockDrawer>

			<BlockDrawer button-color="29 152 155" name="Pin" type="factory">
				<BlockGenusMember>pin-read-digital</BlockGenusMember>
				<BlockGenusMember>pin-read-analog</BlockGenusMember>
				<BlockGenusMember>pin-write-digital</BlockGenusMember>
				<BlockGenusMember>pin-write-analog</BlockGenusMember>
				<BlockGenusMember>servo</BlockGenusMember>
			</BlockDrawer>

			<BlockDrawer button-color="182 85 52" name="Number/Constants" type="factory">
				<BlockGenusMember>number</BlockGenusMember>
				<BlockGenusMember>digital-high</BlockGenusMember>
				<BlockGenusMember>digital-low</BlockGenusMember>
				<BlockGenusMember>true</BlockGenusMember>
				<BlockGenusMember>false</BlockGenusMember>
			</BlockDrawer>

			<BlockDrawer button-color="114 147 71" name="Operators" type="factory">
				<BlockGenusMember>and</BlockGenusMember>
				<BlockGenusMember>or</BlockGenusMember>
				<BlockGenusMember>not</BlockGenusMember>
				
				<BlockGenusMember>addition</BlockGenusMember>
				<BlockGenusMember>subtraction</BlockGenusMember>
				<BlockGenusMember>multiplication</BlockGenusMember>
				<BlockGenusMember>division</BlockGenusMember>
				<BlockGenusMember>modulo</BlockGenusMember>
				<BlockGenusMember>min</BlockGenusMember>
				<BlockGenusMember>max</BlockGenusMember>
				<BlockGenusMember>abs</BlockGenusMember>
				<BlockGenusMember>pow</BlockGenusMember>
				<BlockGenusMember>sqrt</BlockGenusMember>
				<BlockGenusMember>sin</BlockGenusMember>
				<BlockGenusMember>cos</BlockGenusMember>
				<BlockGenusMember>tan</BlockGenusMember>
			</BlockDrawer>
			<BlockDrawer button-color="95 120 132" name="Utilities" type="factory">
				<BlockGenusMember>delay</BlockGenusMember>
				<BlockGenusMember>random</BlockGenusMember>
				<BlockGenusMember>delayMicroseconds</BlockGenusMember>
				<BlockGenusMember>millis</BlockGenusMember>
			</BlockDrawer>
			
			<BlockDrawer button-color="255 255 255" name="brick" type="factory">
				<BlockGenusMember>Tinker_LED</BlockGenusMember>
			</BlockDrawer>
			<!-- Shapes are automatically loaded as blocks in the Shapes drawer
				 (see slcodeblocks.ShapeBlocksGenerator for details)  -->
			<!-- Sound blocks reside in the auto-generated String drawer.  
				 (see slcodeblocks.SoundBlocksGenerator for details)  -->
		</BlockDrawerSet>
	</BlockDrawerSets>

	<Pages drawer-with-page="yes">
		<Page page-name="Turtles" page-width="400"></Page>
		<!-- 
		<Page page-name="Everyone" page-width="400"></Page>
		<Page page-name="Setup" page-width="400"></Page>
		<Page page-name="Runtime" page-width="400"></Page>
		 -->
	</Pages>

	<TrashCan>
		<OpenTrashImage>/support/images/trash_open.png</OpenTrashImage>
		<ClosedTrashImage>/support/images/trash.png</ClosedTrashImage>
	</TrashCan>
	
</BlockLangDef>
